Requêtes, Résultats
Requête 1, http://db.uwaterloo.ca/~galuc/wsdbm/User207, 
Requête 2, http://db.uwaterloo.ca/~galuc/wsdbm/User207, 
Requête 3, http://db.uwaterloo.ca/~galuc/wsdbm/User207, 
Requête 4, http://db.uwaterloo.ca/~galuc/wsdbm/User207, 
Requête 5, http://db.uwaterloo.ca/~galuc/wsdbm/User207, 
Requête 6, http://db.uwaterloo.ca/~galuc/wsdbm/User207, 
Requête 7, http://db.uwaterloo.ca/~galuc/wsdbm/User207, 
Requête 8, http://db.uwaterloo.ca/~galuc/wsdbm/User207, 
Requête 9, http://db.uwaterloo.ca/~galuc/wsdbm/User207, 
Requête 10, http://db.uwaterloo.ca/~galuc/wsdbm/User207, 
Requête 11, http://db.uwaterloo.ca/~galuc/wsdbm/User207, 
Requête 12, http://db.uwaterloo.ca/~galuc/wsdbm/User207, 
Requête 13, NO RESULT
Requête 14, NO RESULT
Requête 15, NO RESULT
Requête 16, NO RESULT
Requête 17, NO RESULT
Requête 18, NO RESULT
Requête 19, NO RESULT
Requête 20, NO RESULT
Requête 21, NO RESULT
Requête 22, NO RESULT
Requête 23, NO RESULT
Requête 24, NO RESULT
Requête 25, NO RESULT
Requête 26, NO RESULT
Requête 27, NO RESULT
Requête 28, NO RESULT
Requête 29, NO RESULT
Requête 30, NO RESULT
Requête 31, NO RESULT
Requête 32, NO RESULT
Requête 33, NO RESULT
Requête 34, NO RESULT
Requête 35, NO RESULT
Requête 36, NO RESULT
Requête 37, NO RESULT
Requête 38, NO RESULT
Requête 39, NO RESULT
Requête 40, NO RESULT
Requête 41, NO RESULT
Requête 42, NO RESULT
Requête 43, http://db.uwaterloo.ca/~galuc/wsdbm/User233, 
Requête 44, NO RESULT
Requête 45, NO RESULT
Requête 46, NO RESULT
Requête 47, NO RESULT
Requête 48, NO RESULT
Requête 49, NO RESULT
Requête 50, NO RESULT
Requête 51, NO RESULT
Requête 52, NO RESULT
Requête 53, http://db.uwaterloo.ca/~galuc/wsdbm/User312, 
Requête 54, NO RESULT
Requête 55, NO RESULT
Requête 56, NO RESULT
Requête 57, NO RESULT
Requête 58, NO RESULT
Requête 59, NO RESULT
Requête 60, NO RESULT
Requête 61, NO RESULT
Requête 62, NO RESULT
Requête 63, NO RESULT
Requête 64, NO RESULT
Requête 65, NO RESULT
Requête 66, NO RESULT
Requête 67, http://db.uwaterloo.ca/~galuc/wsdbm/User845, 
Requête 68, NO RESULT
Requête 69, NO RESULT
Requête 70, NO RESULT
Requête 71, NO RESULT
Requête 72, NO RESULT
Requête 73, NO RESULT
Requête 74, NO RESULT
Requête 75, NO RESULT
Requête 76, NO RESULT
Requête 77, NO RESULT
Requête 78, NO RESULT
Requête 79, NO RESULT
Requête 80, NO RESULT
Requête 81, NO RESULT
Requête 82, NO RESULT
Requête 83, NO RESULT
Requête 84, NO RESULT
Requête 85, NO RESULT
Requête 86, NO RESULT
Requête 87, NO RESULT
Requête 88, NO RESULT
Requête 89, NO RESULT
Requête 90, NO RESULT
Requête 91, NO RESULT
Requête 92, NO RESULT
Requête 93, NO RESULT
Requête 94, NO RESULT
Requête 95, NO RESULT
Requête 96, NO RESULT
Requête 97, NO RESULT
Requête 98, NO RESULT
Requête 99, NO RESULT
Requête 100, NO RESULT
Requête 101, NO RESULT
Requête 102, NO RESULT
Requête 103, NO RESULT
Requête 104, NO RESULT
Requête 105, NO RESULT
Requête 106, NO RESULT
Requête 107, NO RESULT
Requête 108, NO RESULT
Requête 109, NO RESULT
Requête 110, NO RESULT
Requête 111, NO RESULT
Requête 112, NO RESULT
Requête 113, NO RESULT
Requête 114, NO RESULT
Requête 115, NO RESULT
Requête 116, NO RESULT
Requête 117, NO RESULT
Requête 118, NO RESULT
Requête 119, NO RESULT
Requête 120, NO RESULT
Requête 121, NO RESULT
Requête 122, NO RESULT
Requête 123, NO RESULT
Requête 124, NO RESULT
Requête 125, NO RESULT
Requête 126, NO RESULT
Requête 127, NO RESULT
Requête 128, NO RESULT
Requête 129, NO RESULT
Requête 130, NO RESULT
Requête 131, NO RESULT
Requête 132, NO RESULT
Requête 133, http://db.uwaterloo.ca/~galuc/wsdbm/User496, http://db.uwaterloo.ca/~galuc/wsdbm/User502, http://db.uwaterloo.ca/~galuc/wsdbm/User741, http://db.uwaterloo.ca/~galuc/wsdbm/User951, 
Requête 134, NO RESULT
Requête 135, NO RESULT
Requête 136, NO RESULT
Requête 137, NO RESULT
Requête 138, NO RESULT
Requête 139, NO RESULT
Requête 140, NO RESULT
Requête 141, NO RESULT
Requête 142, NO RESULT
Requête 143, NO RESULT
Requête 144, NO RESULT
Requête 145, NO RESULT
Requête 146, NO RESULT
Requête 147, NO RESULT
Requête 148, NO RESULT
Requête 149, NO RESULT
Requête 150, NO RESULT
Requête 151, NO RESULT
Requête 152, NO RESULT
Requête 153, NO RESULT
Requête 154, NO RESULT
Requête 155, NO RESULT
Requête 156, NO RESULT
Requête 157, NO RESULT
Requête 158, NO RESULT
Requête 159, NO RESULT
Requête 160, NO RESULT
Requête 161, NO RESULT
Requête 162, NO RESULT
Requête 163, NO RESULT
Requête 164, NO RESULT
Requête 165, NO RESULT
Requête 166, NO RESULT
Requête 167, NO RESULT
Requête 168, NO RESULT
Requête 169, NO RESULT
Requête 170, NO RESULT
Requête 171, NO RESULT
Requête 172, NO RESULT
Requête 173, NO RESULT
Requête 174, NO RESULT
Requête 175, NO RESULT
Requête 176, NO RESULT
Requête 177, NO RESULT
Requête 178, NO RESULT
Requête 179, NO RESULT
Requête 180, NO RESULT
Requête 181, NO RESULT
Requête 182, NO RESULT
Requête 183, NO RESULT
Requête 184, NO RESULT
Requête 185, NO RESULT
Requête 186, NO RESULT
Requête 187, NO RESULT
Requête 188, NO RESULT
Requête 189, NO RESULT
Requête 190, NO RESULT
Requête 191, NO RESULT
Requête 192, NO RESULT
Requête 193, NO RESULT
Requête 194, NO RESULT
Requête 195, NO RESULT
Requête 196, NO RESULT
Requête 197, NO RESULT
Requête 198, NO RESULT
Requête 199, NO RESULT
Requête 200, NO RESULT
Requête 201, NO RESULT
Requête 202, NO RESULT
Requête 203, NO RESULT
Requête 204, NO RESULT
Requête 205, NO RESULT
Requête 206, NO RESULT
Requête 207, NO RESULT
Requête 208, NO RESULT
Requête 209, NO RESULT
Requête 210, NO RESULT
Requête 211, NO RESULT
Requête 212, NO RESULT
Requête 213, NO RESULT
Requête 214, NO RESULT
Requête 215, NO RESULT
Requête 216, NO RESULT
Requête 217, NO RESULT
Requête 218, NO RESULT
Requête 219, NO RESULT
Requête 220, NO RESULT
Requête 221, NO RESULT
Requête 222, NO RESULT
Requête 223, NO RESULT
Requête 224, NO RESULT
Requête 225, NO RESULT
Requête 226, NO RESULT
Requête 227, NO RESULT
Requête 228, NO RESULT
Requête 229, NO RESULT
Requête 230, NO RESULT
Requête 231, NO RESULT
Requête 232, NO RESULT
Requête 233, NO RESULT
Requête 234, NO RESULT
Requête 235, NO RESULT
Requête 236, NO RESULT
Requête 237, NO RESULT
Requête 238, NO RESULT
Requête 239, NO RESULT
Requête 240, NO RESULT
Requête 241, NO RESULT
Requête 242, NO RESULT
Requête 243, NO RESULT
Requête 244, http://db.uwaterloo.ca/~galuc/wsdbm/User253, 
Requête 245, NO RESULT
Requête 246, NO RESULT
Requête 247, NO RESULT
Requête 248, NO RESULT
Requête 249, NO RESULT
Requête 250, http://db.uwaterloo.ca/~galuc/wsdbm/User477, http://db.uwaterloo.ca/~galuc/wsdbm/User733, 
Requête 251, http://db.uwaterloo.ca/~galuc/wsdbm/User473, 
Requête 252, NO RESULT
Requête 253, NO RESULT
Requête 254, NO RESULT
Requête 255, NO RESULT
Requête 256, NO RESULT
Requête 257, NO RESULT
Requête 258, NO RESULT
Requête 259, NO RESULT
Requête 260, NO RESULT
Requête 261, http://db.uwaterloo.ca/~galuc/wsdbm/User845, 
Requête 262, NO RESULT
Requête 263, NO RESULT
Requête 264, NO RESULT
Requête 265, NO RESULT
Requête 266, NO RESULT
Requête 267, NO RESULT
Requête 268, NO RESULT
Requête 269, NO RESULT
Requête 270, http://db.uwaterloo.ca/~galuc/wsdbm/User178, http://db.uwaterloo.ca/~galuc/wsdbm/User329, http://db.uwaterloo.ca/~galuc/wsdbm/User584, http://db.uwaterloo.ca/~galuc/wsdbm/User892, http://db.uwaterloo.ca/~galuc/wsdbm/User932, http://db.uwaterloo.ca/~galuc/wsdbm/User967, http://db.uwaterloo.ca/~galuc/wsdbm/User999, 
Requête 271, http://db.uwaterloo.ca/~galuc/wsdbm/User178, http://db.uwaterloo.ca/~galuc/wsdbm/User329, http://db.uwaterloo.ca/~galuc/wsdbm/User584, http://db.uwaterloo.ca/~galuc/wsdbm/User892, http://db.uwaterloo.ca/~galuc/wsdbm/User932, http://db.uwaterloo.ca/~galuc/wsdbm/User967, http://db.uwaterloo.ca/~galuc/wsdbm/User999, 
Requête 272, http://db.uwaterloo.ca/~galuc/wsdbm/User259, 
Requête 273, http://db.uwaterloo.ca/~galuc/wsdbm/User178, http://db.uwaterloo.ca/~galuc/wsdbm/User329, http://db.uwaterloo.ca/~galuc/wsdbm/User584, http://db.uwaterloo.ca/~galuc/wsdbm/User892, http://db.uwaterloo.ca/~galuc/wsdbm/User932, http://db.uwaterloo.ca/~galuc/wsdbm/User967, http://db.uwaterloo.ca/~galuc/wsdbm/User999, 
Requête 274, NO RESULT
Requête 275, NO RESULT
Requête 276, http://db.uwaterloo.ca/~galuc/wsdbm/User788, 
Requête 277, NO RESULT
Requête 278, NO RESULT
Requête 279, http://db.uwaterloo.ca/~galuc/wsdbm/User788, 
Requête 280, NO RESULT
Requête 281, http://db.uwaterloo.ca/~galuc/wsdbm/User263, 
Requête 282, NO RESULT
Requête 283, NO RESULT
Requête 284, NO RESULT
Requête 285, NO RESULT
Requête 286, http://db.uwaterloo.ca/~galuc/wsdbm/User788, 
Requête 287, NO RESULT
Requête 288, NO RESULT
Requête 289, NO RESULT
Requête 290, NO RESULT
Requête 291, NO RESULT
Requête 292, NO RESULT
Requête 293, NO RESULT
Requête 294, http://db.uwaterloo.ca/~galuc/wsdbm/User477, http://db.uwaterloo.ca/~galuc/wsdbm/User733, 
Requête 295, NO RESULT
Requête 296, NO RESULT
Requête 297, NO RESULT
Requête 298, NO RESULT
Requête 299, http://db.uwaterloo.ca/~galuc/wsdbm/User178, http://db.uwaterloo.ca/~galuc/wsdbm/User329, http://db.uwaterloo.ca/~galuc/wsdbm/User584, http://db.uwaterloo.ca/~galuc/wsdbm/User892, http://db.uwaterloo.ca/~galuc/wsdbm/User932, http://db.uwaterloo.ca/~galuc/wsdbm/User967, http://db.uwaterloo.ca/~galuc/wsdbm/User999, 
Requête 300, NO RESULT
Requête 301, NO RESULT
Requête 302, NO RESULT
Requête 303, NO RESULT
Requête 304, NO RESULT
Requête 305, NO RESULT
Requête 306, http://db.uwaterloo.ca/~galuc/wsdbm/User192, http://db.uwaterloo.ca/~galuc/wsdbm/User308, http://db.uwaterloo.ca/~galuc/wsdbm/User776, 
Requête 307, NO RESULT
Requête 308, NO RESULT
Requête 309, http://db.uwaterloo.ca/~galuc/wsdbm/User263, 
Requête 310, NO RESULT
Requête 311, NO RESULT
Requête 312, NO RESULT
Requête 313, NO RESULT
Requête 314, NO RESULT
Requête 315, NO RESULT
Requête 316, NO RESULT
Requête 317, NO RESULT
Requête 318, NO RESULT
Requête 319, NO RESULT
Requête 320, NO RESULT
Requête 321, NO RESULT
Requête 322, NO RESULT
Requête 323, NO RESULT
Requête 324, NO RESULT
Requête 325, NO RESULT
Requête 326, NO RESULT
Requête 327, NO RESULT
Requête 328, NO RESULT
Requête 329, NO RESULT
Requête 330, NO RESULT
Requête 331, NO RESULT
Requête 332, http://db.uwaterloo.ca/~galuc/wsdbm/User192, http://db.uwaterloo.ca/~galuc/wsdbm/User308, http://db.uwaterloo.ca/~galuc/wsdbm/User776, 
Requête 333, NO RESULT
Requête 334, NO RESULT
Requête 335, NO RESULT
Requête 336, NO RESULT
Requête 337, NO RESULT
Requête 338, NO RESULT
Requête 339, NO RESULT
Requête 340, NO RESULT
Requête 341, NO RESULT
Requête 342, NO RESULT
Requête 343, NO RESULT
Requête 344, NO RESULT
Requête 345, NO RESULT
Requête 346, NO RESULT
Requête 347, NO RESULT
Requête 348, NO RESULT
Requête 349, NO RESULT
Requête 350, NO RESULT
Requête 351, NO RESULT
Requête 352, NO RESULT
Requête 353, NO RESULT
Requête 354, NO RESULT
Requête 355, NO RESULT
Requête 356, NO RESULT
Requête 357, NO RESULT
Requête 358, NO RESULT
Requête 359, NO RESULT
Requête 360, NO RESULT
Requête 361, NO RESULT
Requête 362, NO RESULT
Requête 363, NO RESULT
Requête 364, NO RESULT
Requête 365, NO RESULT
Requête 366, NO RESULT
Requête 367, NO RESULT
Requête 368, NO RESULT
Requête 369, NO RESULT
Requête 370, NO RESULT
Requête 371, NO RESULT
Requête 372, NO RESULT
Requête 373, NO RESULT
Requête 374, NO RESULT
Requête 375, NO RESULT
Requête 376, NO RESULT
Requête 377, NO RESULT
Requête 378, NO RESULT
Requête 379, NO RESULT
Requête 380, NO RESULT
Requête 381, NO RESULT
Requête 382, NO RESULT
Requête 383, NO RESULT
Requête 384, NO RESULT
Requête 385, NO RESULT
Requête 386, NO RESULT
Requête 387, NO RESULT
Requête 388, NO RESULT
Requête 389, NO RESULT
Requête 390, NO RESULT
Requête 391, NO RESULT
Requête 392, NO RESULT
Requête 393, NO RESULT
Requête 394, NO RESULT
Requête 395, NO RESULT
Requête 396, NO RESULT
Requête 397, NO RESULT
Requête 398, NO RESULT
Requête 399, NO RESULT
Requête 400, NO RESULT
Requête 401, NO RESULT
Requête 402, NO RESULT
Requête 403, NO RESULT
Requête 404, NO RESULT
Requête 405, NO RESULT
Requête 406, NO RESULT
Requête 407, NO RESULT
Requête 408, NO RESULT
Requête 409, NO RESULT
Requête 410, NO RESULT
Requête 411, NO RESULT
Requête 412, NO RESULT
Requête 413, NO RESULT
Requête 414, NO RESULT
Requête 415, NO RESULT
Requête 416, NO RESULT
Requête 417, NO RESULT
Requête 418, NO RESULT
Requête 419, NO RESULT
Requête 420, NO RESULT
Requête 421, NO RESULT
Requête 422, NO RESULT
Requête 423, NO RESULT
Requête 424, NO RESULT
Requête 425, NO RESULT
Requête 426, NO RESULT
Requête 427, NO RESULT
Requête 428, NO RESULT
Requête 429, NO RESULT
Requête 430, NO RESULT
Requête 431, NO RESULT
Requête 432, NO RESULT
Requête 433, NO RESULT
Requête 434, NO RESULT
Requête 435, NO RESULT
Requête 436, NO RESULT
Requête 437, NO RESULT
Requête 438, NO RESULT
Requête 439, NO RESULT
Requête 440, NO RESULT
Requête 441, NO RESULT
Requête 442, NO RESULT
Requête 443, NO RESULT
Requête 444, http://db.uwaterloo.ca/~galuc/wsdbm/User845, 
Requête 445, http://db.uwaterloo.ca/~galuc/wsdbm/User178, http://db.uwaterloo.ca/~galuc/wsdbm/User816, http://db.uwaterloo.ca/~galuc/wsdbm/User953, 
Requête 446, NO RESULT
Requête 447, NO RESULT
Requête 448, NO RESULT
Requête 449, NO RESULT
Requête 450, http://db.uwaterloo.ca/~galuc/wsdbm/User658, 
Requête 451, NO RESULT
Requête 452, NO RESULT
Requête 453, NO RESULT
Requête 454, NO RESULT
Requête 455, http://db.uwaterloo.ca/~galuc/wsdbm/User178, http://db.uwaterloo.ca/~galuc/wsdbm/User816, http://db.uwaterloo.ca/~galuc/wsdbm/User953, 
Requête 456, NO RESULT
Requête 457, http://db.uwaterloo.ca/~galuc/wsdbm/User765, 
Requête 458, http://db.uwaterloo.ca/~galuc/wsdbm/User845, 
Requête 459, NO RESULT
Requête 460, NO RESULT
Requête 461, NO RESULT
Requête 462, NO RESULT
Requête 463, NO RESULT
Requête 464, NO RESULT
Requête 465, http://db.uwaterloo.ca/~galuc/wsdbm/User822, 
Requête 466, http://db.uwaterloo.ca/~galuc/wsdbm/User822, 
Requête 467, NO RESULT
Requête 468, NO RESULT
Requête 469, NO RESULT
Requête 470, NO RESULT
Requête 471, NO RESULT
Requête 472, NO RESULT
Requête 473, NO RESULT
Requête 474, NO RESULT
Requête 475, NO RESULT
Requête 476, NO RESULT
Requête 477, NO RESULT
Requête 478, NO RESULT
Requête 479, NO RESULT
Requête 480, http://db.uwaterloo.ca/~galuc/wsdbm/User765, 
Requête 481, NO RESULT
Requête 482, NO RESULT
Requête 483, NO RESULT
Requête 484, NO RESULT
Requête 485, NO RESULT
Requête 486, http://db.uwaterloo.ca/~galuc/wsdbm/User845, 
Requête 487, NO RESULT
Requête 488, NO RESULT
Requête 489, NO RESULT
Requête 490, NO RESULT
Requête 491, NO RESULT
Requête 492, NO RESULT
Requête 493, NO RESULT
Requête 494, http://db.uwaterloo.ca/~galuc/wsdbm/User822, 
Requête 495, NO RESULT
Requête 496, NO RESULT
Requête 497, NO RESULT
Requête 498, http://db.uwaterloo.ca/~galuc/wsdbm/User822, 
Requête 499, NO RESULT
Requête 500, http://db.uwaterloo.ca/~galuc/wsdbm/User822, 
Requête 501, NO RESULT
Requête 502, NO RESULT
Requête 503, NO RESULT
Requête 504, http://db.uwaterloo.ca/~galuc/wsdbm/User845, 
Requête 505, NO RESULT
Requête 506, NO RESULT
Requête 507, http://db.uwaterloo.ca/~galuc/wsdbm/User822, 
Requête 508, NO RESULT
Requête 509, NO RESULT
Requête 510, NO RESULT
Requête 511, NO RESULT
Requête 512, NO RESULT
Requête 513, NO RESULT
Requête 514, NO RESULT
Requête 515, NO RESULT
Requête 516, NO RESULT
Requête 517, NO RESULT
Requête 518, NO RESULT
Requête 519, NO RESULT
Requête 520, NO RESULT
Requête 521, NO RESULT
Requête 522, NO RESULT
Requête 523, NO RESULT
Requête 524, NO RESULT
Requête 525, NO RESULT
Requête 526, NO RESULT
Requête 527, NO RESULT
Requête 528, NO RESULT
Requête 529, NO RESULT
Requête 530, NO RESULT
Requête 531, NO RESULT
Requête 532, NO RESULT
Requête 533, NO RESULT
Requête 534, NO RESULT
Requête 535, http://db.uwaterloo.ca/~galuc/wsdbm/User822, 
Requête 536, NO RESULT
Requête 537, NO RESULT
Requête 538, NO RESULT
Requête 539, NO RESULT
Requête 540, NO RESULT
Requête 541, NO RESULT
Requête 542, NO RESULT
Requête 543, NO RESULT
Requête 544, NO RESULT
Requête 545, NO RESULT
Requête 546, NO RESULT
Requête 547, NO RESULT
Requête 548, NO RESULT
Requête 549, NO RESULT
Requête 550, NO RESULT
Requête 551, NO RESULT
Requête 552, NO RESULT
Requête 553, NO RESULT
Requête 554, NO RESULT
Requête 555, NO RESULT
Requête 556, NO RESULT
Requête 557, NO RESULT
Requête 558, NO RESULT
Requête 559, NO RESULT
Requête 560, NO RESULT
Requête 561, NO RESULT
Requête 562, NO RESULT
Requête 563, NO RESULT
Requête 564, NO RESULT
Requête 565, NO RESULT
Requête 566, NO RESULT
Requête 567, NO RESULT
Requête 568, NO RESULT
Requête 569, NO RESULT
Requête 570, NO RESULT
Requête 571, NO RESULT
Requête 572, NO RESULT
Requête 573, NO RESULT
Requête 574, NO RESULT
Requête 575, NO RESULT
Requête 576, NO RESULT
Requête 577, NO RESULT
Requête 578, NO RESULT
Requête 579, NO RESULT
Requête 580, NO RESULT
Requête 581, NO RESULT
Requête 582, NO RESULT
Requête 583, NO RESULT
Requête 584, NO RESULT
Requête 585, NO RESULT
Requête 586, NO RESULT
Requête 587, NO RESULT
Requête 588, NO RESULT
Requête 589, NO RESULT
Requête 590, NO RESULT
Requête 591, NO RESULT
Requête 592, NO RESULT
Requête 593, NO RESULT
Requête 594, NO RESULT
Requête 595, NO RESULT
Requête 596, NO RESULT
Requête 597, NO RESULT
Requête 598, NO RESULT
Requête 599, NO RESULT
Requête 600, NO RESULT
Requête 601, NO RESULT
Requête 602, NO RESULT
Requête 603, NO RESULT
Requête 604, NO RESULT
Requête 605, NO RESULT
Requête 606, NO RESULT
Requête 607, NO RESULT
Requête 608, NO RESULT
Requête 609, NO RESULT
Requête 610, NO RESULT
Requête 611, NO RESULT
Requête 612, NO RESULT